genesymbol,canonical_marker,cell_type,germ_layer,human,human_sensitivity,human_specificity,mouse,mouse_sensitivity,mouse_specificity,ncbi_tax_id,organ,ubiquitiousness
CTRB1,True,Acinar cells,Endoderm,True,1.0,0.000628931,True,0.957143,0.0159201,9606,Pancreas,0.017
KLK1,True,Acinar cells,Endoderm,True,0.833333,0.00503145,True,0.314286,0.0128263,9606,Pancreas,0.013
PRSS3,True,Acinar cells,Endoderm,True,0.833333,0.0289308,True,0.0285714,0.0,9606,Pancreas,0.006
CELA3A,True,Acinar cells,Endoderm,True,0.833333,0.0,True,0.128571,0.0,9606,Pancreas,0.001
PRSS1,True,Acinar cells,Endoderm,True,1.0,0.00597484,True,0.0285714,0.0,9606,Pancreas,0.002
SPINK1,True,Acinar cells,Endoderm,True,1.0,0.0352201,True,0.0,0.0,9606,Pancreas,0.029
CPB1,True,Acinar cells,Endoderm,True,0.833333,0.00786164,True,0.5,0.00232034,9606,Pancreas,0.005
RNASE1,True,Endothelial cells,Mesoderm,True,0.807692,0.0660622,True,0.0,0.0,9606,Vasculature,0.022
RNASE1,True,Acinar cells,Endoderm,True,0.75,0.0877358,True,0.0,0.0,9606,Pancreas,0.022
CPA2,True,Acinar cells,Endoderm,True,0.916667,0.0,True,0.457143,0.00277151,9606,Pancreas,0.004
CPA1,True,Acinar cells,Endoderm,True,0.833333,0.0,True,0.585714,0.00438286,9606,Pancreas,0.006
CELA3B,True,Acinar cells,Endoderm,True,0.75,0.00125786,True,0.8,0.00502739,9606,Pancreas,0.007
PNLIP,True,Acinar cells,Endoderm,True,0.833333,0.000314465,True,0.585714,0.00354496,9606,Pancreas,0.005
CTRB2,True,Acinar cells,Endoderm,True,0.916667,0.00125786,False,0.0,0.0,9606,Pancreas,0.001
PLA2G1B,True,Acinar cells,Endoderm,True,0.833333,0.00157233,True,0.228571,0.00638092,9606,Pancreas,0.007
PRSS2,True,Acinar cells,Endoderm,True,1.0,0.0103774,True,0.7,0.00696101,9606,Pancreas,0.01
CLPS,True,Acinar cells,Endoderm,True,0.583333,0.000314465,True,0.957143,0.0215276,9606,Pancreas,0.021
REG1A,True,Acinar cells,Endoderm,True,1.0,0.0273585,False,0.0,0.0,9606,Pancreas,0.005
SYCN,True,Acinar cells,Endoderm,True,0.833333,0.00157233,True,0.0,0.0,9606,Pancreas,0.008
CTRC,True,Acinar cells,Endoderm,True,0.833333,0.0,True,0.414286,0.00135353,9606,Pancreas,0.003
REG3A,True,Acinar cells,Endoderm,True,0.916667,0.0106918,True,0.0,0.0,9606,Pancreas,0.005
REG1B,True,Acinar cells,Endoderm,True,0.916667,0.0110063,False,0.0,0.0,9606,Pancreas,0.002
GDF15,True,Acinar cells,Endoderm,True,0.833333,0.054088,True,0.0,0.00309378,9606,Pancreas,0.014
GDF15,True,Ductal cells,Endoderm,True,0.628571,0.050681,True,0.0,0.00307988,9606,Pancreas,0.014
MUC1,True,Acinar cells,Endoderm,True,0.916667,0.0295597,True,0.185714,0.0117306,9606,Pancreas,0.016
MUC1,True,Luminal epithelial cells,Ectoderm,True,0.666667,0.0299024,True,0.0,0.0125225,9606,Mammary gland,0.016
MUC1,True,Pulmonary alveolar type II cells,Endoderm,True,1.0,0.0289399,True,0.765152,0.00608296,9606,Lungs,0.016
MUC1,True,Clara cells,Endoderm,True,0.666667,0.0322985,True,0.340426,0.0115201,9606,Lungs,0.016
C15orf48,True,Acinar cells,Endoderm,True,1.0,0.109119,False,0.0,0.0,9606,Pancreas,0.018
AKR1C3,True,Acinar cells,Endoderm,True,1.0,0.0389937,False,0.0,0.0,9606,Pancreas,0.007
OLFM4,True,Acinar cells,Endoderm,True,0.583333,0.0132075,True,0.0,0.0126974,9606,Pancreas,0.013
GSTA1,True,Acinar cells,Endoderm,True,0.916667,0.0267296,True,0.0,0.00837899,9606,Pancreas,0.012
LGALS2,True,Acinar cells,Endoderm,True,0.916667,0.0345912,True,0.0142857,0.0308733,9606,Pancreas,0.032
PDZK1IP1,True,Acinar cells,Endoderm,True,1.0,0.0396226,True,0.114286,0.0228166,9606,Pancreas,0.025
RARRES2,True,Acinar cells,Endoderm,True,1.0,0.0751572,True,0.0,0.0,9606,Pancreas,0.03
CXCL17,True,Acinar cells,Endoderm,True,0.75,0.0248428,True,0.0,0.00367386,9606,Pancreas,0.007
GSTA2,True,Acinar cells,Endoderm,True,0.916667,0.00628931,True,0.0142857,0.00650983,9606,Pancreas,0.007
ANPEP,True,Acinar cells,Endoderm,True,0.75,0.0100629,True,0.0714286,0.0166291,9606,Pancreas,0.015
ANPEP,True,Enterocytes,Endoderm,True,0.666667,0.0116133,True,0.403974,0.00922594,9606,GI tract,0.015
LYZ,True,Neutrophils,Mesoderm,True,0.615385,0.0383768,False,0.0,0.0,9606,Immune system,0.008
ALDOB,True,Acinar cells,Endoderm,True,0.583333,0.00408805,True,0.0428571,0.0370609,9606,Pancreas,0.031
PPARG,True,Enterocytes,Endoderm,True,0.666667,0.00973007,True,0.0298013,0.00412223,9606,GI tract,0.006
GATA3,True,Mesangial cells,Mesoderm,True,1.0,0.0194357,True,0.0,0.0297722,9606,Kidney,0.03
WT1,True,Podocytes,Mesoderm,True,1.0,0.0157729,True,0.0,0.0,9606,Kidney,0.01
HOXC9,True,Adipocytes,Mesoderm,True,0.714286,0.0144427,True,0.0,0.00494319,9606,Connective tissue,0.007
TCF21,True,Podocytes,Mesoderm,True,0.863636,0.0,True,0.0,0.0,9606,Kidney,0.014
PCK1,True,Proximal tubule cells,Mesoderm,True,1.0,0.0153557,True,0.9,0.0034805,9606,Kidney,0.008
STAT6,True,Adipocytes,Mesoderm,True,0.714286,0.00659341,True,0.0,0.0,9606,Connective tissue,0.01
TFE3,True,Adipocytes,Mesoderm,True,0.714286,0.00345369,True,0.0,0.0,9606,Connective tissue,0.005
CAVIN1,True,Adipocytes,Mesoderm,True,1.0,0.129356,False,0.0,0.0,9606,Connective tissue,0.023
AGT,True,Astrocytes,Ectoderm,True,0.833333,0.0144382,True,0.622951,0.00942408,9606,Brain,0.02
MMP2,True,Fibroblasts,Mesoderm,True,0.666667,0.0460889,True,0.79638,0.0164432,9606,Connective tissue,0.045
MMP2,True,Adipocytes,Mesoderm,True,1.0,0.0656201,True,0.0,0.0385825,9606,Connective tissue,0.045
COL6A2,True,Fibroblasts,Mesoderm,True,0.792793,0.0785459,True,0.852941,0.0206036,9606,Connective tissue,0.056
COL6A2,True,Adipocytes,Mesoderm,True,1.0,0.101413,True,0.25,0.0441035,9606,Connective tissue,0.056
COL6A2,True,Pancreatic stellate cells,Endoderm,True,0.913043,0.0975071,True,0.5,0.0441507,9606,Pancreas,0.056
MT2A,True,Adipocytes,Mesoderm,True,1.0,0.326217,False,0.0,0.0,9606,Connective tissue,0.061
METRN,True,Adipocytes,Mesoderm,True,1.0,0.0533752,True,0.0,0.00044938,9606,Connective tissue,0.015
METRNL,True,Adipocytes,Mesoderm,True,1.0,0.0147567,True,0.0,0.0424344,9606,Connective tissue,0.037
MYO1C,True,Adipocytes,Mesoderm,True,1.0,0.033595,True,0.125,0.0223406,9606,Connective tissue,0.026
NQO1,True,Adipocytes,Mesoderm,True,1.0,0.0728414,True,0.0,0.00802465,9606,Connective tissue,0.024
TSPO,True,Adipocytes,Mesoderm,True,1.0,0.340345,True,0.0,0.0,9606,Connective tissue,0.283
LRP1,True,Adipocytes,Mesoderm,True,0.714286,0.0339089,True,0.375,0.0772292,9606,Connective tissue,0.071
SERPINF1,True,Plasmacytoid dendritic cells,Mesoderm,True,1.0,0.0996845,True,0.0,0.0,9606,Immune system,0.057
DDC,True,Serotonergic neurons,Ectoderm,True,1.0,0.00438734,True,1.0,0.0165554,9606,Brain,0.014
CDH1,True,Luminal epithelial cells,Ectoderm,True,0.533333,0.0393453,True,1.0,0.0564475,9606,Mammary gland,0.056
SCGB3A1,True,Clara cells,Endoderm,True,0.666667,0.0109752,True,0.0,0.0,9606,Lungs,0.006
MSLN,True,Mesothelial cells,Mesoderm,True,1.0,0.000626959,True,0.966667,0.00347155,9606,Epithelium,0.004
AGR2,True,Luminal epithelial cells,Ectoderm,True,0.933333,0.0692477,True,0.0,0.0125225,9606,Mammary gland,0.024
AGR2,True,Cholangiocytes,Endoderm,True,0.866667,0.0542188,True,0.5,0.0124495,9606,Liver,0.024
AGR2,True,Goblet cells,Endoderm,True,0.823529,0.0692913,True,1.0,0.0105439,9606,GI tract,0.024
PIGR,True,Pulmonary alveolar type II cells,Endoderm,True,0.692308,0.0415225,True,0.00757576,0.0293147,9606,Lungs,0.031
PIGR,True,Cholangiocytes,Endoderm,True,0.706667,0.0282323,True,1.0,0.029006,9606,Liver,0.031
ACTA2,True,Smooth muscle cells,Mesoderm,True,0.904762,0.0135604,True,1.0,0.0313632,9606,Smooth muscle,0.035
GCG,True,Alpha cells,Endoderm,True,0.83871,0.0439734,True,0.75,0.0180766,9606,Pancreas,0.024
GCG,True,Enteroendocrine cells,Endoderm,True,1.0,0.0460132,True,0.848485,0.018197,9606,GI tract,0.024
TTR,True,Alpha cells,Endoderm,True,0.83871,0.065802,True,0.0,0.0,9606,Pancreas,0.055
TTR,True,Hepatocytes,Endoderm,True,0.594595,0.0671949,True,0.0,0.0,9606,Liver,0.055
NKX2-2,True,Beta cells,Endoderm,True,0.727273,0.00536278,True,0.119048,0.000321688,9606,Pancreas,0.002
PCSK2,True,Alpha cells,Endoderm,True,0.83871,0.0167668,True,0.85,0.0327436,9606,Pancreas,0.032
PCSK2,True,Beta cells,Endoderm,True,0.909091,0.018612,True,0.857143,0.0326192,9606,Pancreas,0.032
TM4SF4,True,Alpha cells,Endoderm,True,0.806452,0.0132869,True,0.0,0.0,9606,Pancreas,0.017
CRYBA2,True,Alpha cells,Endoderm,True,0.967742,0.0113888,True,0.975,0.00488903,9606,Pancreas,0.009
NKX6-1,True,Beta cells,Endoderm,True,0.772727,0.00504732,True,0.785714,0.00315254,9606,Pancreas,0.006
PCSK1,True,Beta cells,Endoderm,True,0.818182,0.00378549,True,0.785714,0.00636943,9606,Pancreas,0.008
PCSK1,True,Delta cells,Endoderm,True,0.75,0.00753769,True,0.4,0.0082183,9606,Pancreas,0.008
ALDH1A1,True,Alpha cells,Endoderm,True,0.903226,0.080038,True,0.0,0.0288196,9606,Pancreas,0.039
PEMT,True,Alpha cells,Endoderm,True,0.709677,0.0385954,True,0.0,0.00276616,9606,Pancreas,0.013
CHGA,True,Alpha cells,Endoderm,True,0.967742,0.0287884,True,1.0,0.0598263,9606,Pancreas,0.057
CHGA,True,Enteroendocrine cells,Endoderm,True,0.631579,0.0343523,True,0.787879,0.0606996,9606,GI tract,0.057
SMIM24,True,Alpha cells,Endoderm,True,0.741935,0.0281556,True,0.0,0.0,9606,Pancreas,0.037
F10,True,Alpha cells,Endoderm,True,0.645161,0.00917431,True,0.0,0.00836282,9606,Pancreas,0.011
SCGN,True,Beta cells,Endoderm,True,1.0,0.0230284,True,0.0,0.0,9606,Pancreas,0.014
SCGN,True,Delta cells,Endoderm,True,0.875,0.0276382,True,0.0,0.0,9606,Pancreas,0.014
SCGN,True,Alpha cells,Endoderm,True,0.83871,0.0218285,True,0.0,0.0,9606,Pancreas,0.014
SCGN,True,Enteroendocrine cells,Endoderm,True,0.631579,0.0261582,True,0.0,0.0,9606,GI tract,0.014
SCGN,True,Gamma (PP) cells,Endoderm,True,1.0,0.0276295,True,0.0,0.0,9606,Pancreas,0.014
SLC30A8,True,Beta cells,Endoderm,True,0.909091,0.00914827,True,0.0,0.0,9606,Pancreas,0.005
SLC30A8,True,Alpha cells,Endoderm,True,0.677419,0.00885796,True,0.0,0.0,9606,Pancreas,0.005
SCGB2A1,True,Beta cells,Endoderm,True,0.818182,0.0119874,False,0.0,0.0,9606,Pancreas,0.003
SCGB2A1,True,Alpha cells,Endoderm,True,0.806452,0.00980702,False,0.0,0.0,9606,Pancreas,0.003
SCGB2A1,True,Gamma (PP) cells,Endoderm,True,1.0,0.0153846,False,0.0,0.0,9606,Pancreas,0.003
DPP4,True,Proximal tubule cells,Mesoderm,True,1.0,0.0128486,True,0.0142857,0.0213342,9606,Kidney,0.02
MAFB,True,Alpha cells,Endoderm,True,0.709677,0.0528314,True,0.7,0.0512062,9606,Pancreas,0.053
MAFB,True,Podocytes,Mesoderm,True,1.0,0.0526814,True,0.833333,0.0519689,9606,Kidney,0.053
MAFB,True,Beta cells,Endoderm,True,0.772727,0.0542587,True,0.357143,0.0520492,9606,Pancreas,0.053
PAX6,True,Beta cells,Endoderm,True,0.909091,0.00820189,True,0.785714,0.0570032,9606,Pancreas,0.049
NEUROD1,True,Gamma (PP) cells,Endoderm,True,1.0,0.0210361,True,0.0,0.0429901,9606,Pancreas,0.038
NEUROD1,True,Beta cells,Endoderm,True,0.909091,0.0170347,True,0.785714,0.0409831,9606,Pancreas,0.038
NEUROD1,True,Alpha cells,Endoderm,True,0.806452,0.0155014,True,1.0,0.0405275,9606,Pancreas,0.038
GC,True,Alpha cells,Endoderm,True,0.774194,0.00664347,True,0.375,0.00694757,9606,Pancreas,0.009
FEV,True,Serotonergic neurons,Ectoderm,True,1.0,0.00313381,True,1.0,0.00340092,9606,Brain,0.003
FXYD5,True,Alpha cells,Endoderm,True,0.741935,0.374881,True,0.0,0.173882,9606,Pancreas,0.213
CXCL2,True,Pulmonary alveolar type II cells,Endoderm,True,0.846154,0.0534759,True,0.0606061,0.0379214,9606,Lungs,0.041
CLEC7A,True,Dendritic cells,Mesoderm,True,0.62585,0.0187192,True,0.0238095,0.0250917,9606,Immune system,0.03
CLEC7A,True,Macrophages,Mesoderm,True,0.75,0.0440252,True,0.375758,0.0135852,9606,Immune system,0.03
ITGAX,True,Macrophages,Mesoderm,True,0.583333,0.0141509,True,0.0626263,0.00337972,9606,Immune system,0.007
CD36,True,Macrophages,Mesoderm,True,0.666667,0.0320755,True,0.232323,0.0379722,9606,Immune system,0.042
GPNMB,True,Macrophages,Mesoderm,True,0.75,0.027044,True,0.0949495,0.00662691,9606,Immune system,0.013
S100A4,True,Macrophages,Mesoderm,True,0.916667,0.369182,True,0.0,0.0,9606,Immune system,0.098
S100A4,True,Fibroblasts,Mesoderm,True,0.747748,0.357676,True,0.0,0.0,9606,Connective tissue,0.098
S100A4,True,Neutrophils,Mesoderm,True,0.692308,0.369928,True,0.0,0.0,9606,Immune system,0.098
S100A4,True,T cells,Mesoderm,True,0.849802,0.330044,True,0.0,0.0,9606,Immune system,0.098
S100A4,True,Dendritic cells,Mesoderm,True,0.836735,0.348768,True,0.0,0.0,9606,Immune system,0.098
S100A4,True,NK cells,Mesoderm,True,0.851351,0.359846,True,0.0,0.0,9606,Immune system,0.098
NKX2-1,True,Pulmonary alveolar type II cells,Endoderm,True,0.615385,0.00283108,True,0.651515,0.00595354,9606,Lungs,0.01
S100B,True,Enteric glia cells,Endoderm,True,1.0,0.0313873,True,0.0,0.0,9606,GI tract,0.066
S100B,True,Astrocytes,Ectoderm,True,1.0,0.0313873,True,0.0,0.0,9606,Brain,0.066
SLC1A2,True,Astrocytes,Ectoderm,True,1.0,0.00878845,True,0.0,0.0,9606,Brain,0.071
GFAP,True,Astrocytes,Ectoderm,True,1.0,0.00376648,True,0.344262,0.00837696,9606,Brain,0.013
SLC1A3,True,Astrocytes,Ectoderm,True,1.0,0.00910232,True,0.0,0.0,9606,Brain,0.074
FGFR3,True,Astrocytes,Ectoderm,True,1.0,0.00910232,True,0.681967,0.0106675,9606,Brain,0.021
AQP4,True,Astrocytes,Ectoderm,True,1.0,0.00408035,True,0.878689,0.0124346,9606,Brain,0.024
S100A8,True,Neutrophils,Mesoderm,True,0.538462,0.078012,True,0.0,0.0,9606,Immune system,0.064
GPR37L1,True,Oligodendrocyte progenitor cells,Ectoderm,True,1.0,0.0021978,True,0.745283,0.041111,9606,Brain,0.041
GPR37L1,True,Astrocytes,Ectoderm,True,1.0,0.00251099,True,0.977049,0.032199,9606,Brain,0.041
SLC4A4,True,Proximal tubule cells,Mesoderm,True,1.0,0.0119085,True,0.0,0.0,9606,Kidney,0.033
SLC6A11,True,Astrocytes,Ectoderm,True,0.833333,0.000313873,True,0.0,0.0,9606,Brain,0.02
SYNE1,True,Astrocytes,Ectoderm,True,0.666667,0.0141243,True,0.0,0.0,9606,Brain,0.05
PLXNB1,True,Astrocytes,Ectoderm,True,0.833333,0.000627746,True,0.0688525,0.00556283,9606,Brain,0.006
GJA1,True,Astrocytes,Ectoderm,True,1.0,0.0615191,True,0.993443,0.0894634,9606,Brain,0.1
GJA1,True,Leydig cells,Mesoderm,True,1.0,0.0626959,True,0.454545,0.106909,9606,Reproductive,0.1
APOE,True,Astrocytes,Ectoderm,True,0.833333,0.131199,True,1.0,0.377225,9606,Brain,0.343
APOE,True,Proximal tubule cells,Mesoderm,True,1.0,0.132247,True,0.2,0.390267,9606,Kidney,0.343
LCN2,True,Cholangiocytes,Endoderm,True,0.506667,0.0458774,True,0.0,0.0417763,9606,Liver,0.043
LCN2,True,Luminal epithelial cells,Ectoderm,True,0.8,0.0531948,True,0.153846,0.0416774,9606,Mammary gland,0.043
VIM,True,Pericytes,Mesoderm,True,0.857143,0.589953,True,0.0,0.0,9606,Vasculature,0.427
VIM,True,Fibroblasts,Mesoderm,True,0.918919,0.578708,True,0.0,0.0,9606,Connective tissue,0.427
CD2,True,NK cells,Mesoderm,True,0.513514,0.0840282,True,0.723404,0.0254341,9606,Immune system,0.04
CD2,True,T cells,Mesoderm,True,0.715415,0.04049,True,0.327103,0.0255026,9606,Immune system,0.04
MS4A1,True,B cells naive,Mesoderm,True,1.0,0.0157381,True,0.0,0.0118062,9606,Immune system,0.014
CD69,True,B cells naive,Mesoderm,True,0.666667,0.108593,True,0.0,0.00737889,9606,Immune system,0.024
CD69,True,NK cells,Mesoderm,True,0.527027,0.101347,True,0.0212766,0.00729456,9606,Immune system,0.024
CD79A,True,Plasma cells,Mesoderm,True,0.75,0.0351711,True,0.0,0.0184805,9606,Immune system,0.024
CD79A,True,B cells naive,Mesoderm,True,0.933333,0.0390305,True,0.0,0.0184793,9606,Immune system,0.024
CD79A,True,B cells,Mesoderm,True,0.983871,0.0246006,True,0.914729,0.00339271,9606,Immune system,0.024
CD79B,True,B cells naive,Mesoderm,True,1.0,0.038401,True,0.0,0.0235483,9606,Immune system,0.028
CD79B,True,B cells,Mesoderm,True,0.919355,0.0255591,True,0.926357,0.00835128,9606,Immune system,0.028
SDC1,True,Plasma cells,Mesoderm,True,0.555556,0.0405577,True,0.0,0.0,9606,Immune system,0.046
TNFRSF13C,True,B cells naive,Mesoderm,True,0.933333,0.0147938,True,0.0,0.0,9606,Immune system,0.008
IGHD,True,B cells naive,Mesoderm,True,0.866667,0.00472144,True,0.0,0.00750722,9606,Immune system,0.008
IGHM,True,B cells,Mesoderm,True,0.83871,0.0396166,True,0.968992,0.0677236,9606,Immune system,0.078
IGHM,True,B cells naive,Mesoderm,True,1.0,0.0506767,True,0.0,0.0826436,9606,Immune system,0.078
HLA-DRA,True,Dendritic cells,Mesoderm,True,1.0,0.174384,False,0.0,0.0,9606,Immune system,0.039
HLA-DRA,True,B cells,Mesoderm,True,0.935484,0.198083,False,0.0,0.0,9606,Immune system,0.039
LTB,True,B cells naive,Mesoderm,True,1.0,0.15927,True,0.0,0.0454283,9606,Immune system,0.065
LTB,True,T cells,Mesoderm,True,0.83004,0.105818,True,0.518692,0.0388394,9606,Immune system,0.065
IFIT3,True,Monocytes,Mesoderm,True,0.692308,0.0164245,True,1.0,0.0112309,9606,Immune system,0.014
CD24,True,Epithelial cells,Mesoderm,True,0.735294,0.186194,False,0.0,0.0,9606,Epithelium,0.039
CD24,True,Keratinocytes,Mesoderm,True,0.6,0.190761,False,0.0,0.0,9606,Skin,0.039
CD24,True,Cholangiocytes,Endoderm,True,0.64,0.181264,False,0.0,0.0,9606,Liver,0.039
CD27,True,Plasma cells,Mesoderm,True,0.722222,0.0148923,True,0.0,0.0157854,9606,Immune system,0.018
JCHAIN,True,Plasma cells,Mesoderm,True,0.833333,0.0405577,True,1.0,0.00802105,9606,Immune system,0.017
JCHAIN,True,Plasmacytoid dendritic cells,Mesoderm,True,1.0,0.0429022,True,0.0,0.00809508,9606,Immune system,0.017
MZB1,True,Plasmacytoid dendritic cells,Mesoderm,True,0.954545,0.0318612,True,0.4,0.0204305,9606,Immune system,0.025
MZB1,True,Plasma cells,Mesoderm,True,0.972222,0.0275665,True,1.0,0.0208547,9606,Immune system,0.025
BANK1,True,B cells naive,Mesoderm,True,0.533333,0.00598048,True,0.0,0.00513314,9606,Immune system,0.006
VPREB3,True,B cells,Mesoderm,True,0.629032,0.00479233,True,0.0,0.0,9606,Immune system,0.011
VPREB3,True,B cells naive,Mesoderm,True,0.533333,0.0144791,True,0.0,0.0,9606,Immune system,0.011
DERL3,True,Plasmacytoid dendritic cells,Mesoderm,True,0.772727,0.0287066,True,0.0,0.00443302,9606,Immune system,0.01
TNFRSF17,True,Plasma cells,Mesoderm,True,0.777778,0.00126743,True,0.0,0.0,9606,Immune system,0.005
EAF2,True,Plasma cells,Mesoderm,True,0.638889,0.0237643,True,1.0,0.00333676,9606,Immune system,0.009
CXCR4,True,Plasmacytoid dendritic cells,Mesoderm,True,0.727273,0.194637,True,0.05,0.00873755,9606,Immune system,0.04
CXCR4,True,NK cells,Mesoderm,True,0.554054,0.189865,True,0.0531915,0.00852108,9606,Immune system,0.04
CXCR4,True,T cells,Mesoderm,True,0.6917,0.155835,True,0.0233645,0.0085876,9606,Immune system,0.04
CXCR4,True,B cells,Mesoderm,True,0.83871,0.185623,True,0.0620155,0.00789457,9606,Immune system,0.04
BIRC3,True,B cells naive,Mesoderm,True,0.533333,0.0812087,True,0.0,0.0148861,9606,Immune system,0.026
IGLC2,True,B cells,Mesoderm,True,0.612903,0.0338658,True,0.771318,0.00195733,9606,Immune system,0.022
IGLC2,True,Plasma cells,Mesoderm,True,0.833333,0.0361217,True,1.0,0.0146304,9606,Immune system,0.022
IGLC3,True,Plasma cells,Mesoderm,True,0.722222,0.0186945,True,1.0,0.0169405,9606,Immune system,0.02
IGKC,True,Plasma cells,Mesoderm,True,1.0,0.153359,True,1.0,0.0534523,9606,Immune system,0.072
IGKC,True,B cells naive,Mesoderm,True,1.0,0.158955,True,0.0,0.053513,9606,Immune system,0.072
NIBAN3,True,Plasmacytoid dendritic cells,Mesoderm,True,0.636364,0.00347003,True,0.0,0.00231288,9606,Immune system,0.003
IGHG1,True,Plasma cells,Mesoderm,True,0.638889,0.01109,True,0.0,0.00147587,9606,Immune system,0.006
IGHG3,True,Plasma cells,Mesoderm,True,0.611111,0.00823828,True,1.0,0.00205339,9606,Immune system,0.005
IGHG4,True,Plasma cells,Mesoderm,True,0.555556,0.00602028,False,0.0,0.0,9606,Immune system,0.002
IGHA1,True,Plasma cells,Mesoderm,True,0.861111,0.0605196,False,0.0,0.0,9606,Immune system,0.013
PTPRC,True,T memory cells,Mesoderm,True,1.0,0.205966,True,0.8625,0.0903374,9606,Immune system,0.125
PTPRC,True,Monocytes,Mesoderm,True,0.615385,0.212887,True,1.0,0.10602,9606,Immune system,0.125
PTPRC,True,Dendritic cells,Mesoderm,True,0.782313,0.188834,True,0.690476,0.104613,9606,Immune system,0.125
BCL11A,True,Plasmacytoid dendritic cells,Mesoderm,True,0.909091,0.107886,True,1.0,0.141535,9606,Immune system,0.134
BCL11A,True,B cells,Mesoderm,True,0.66129,0.102556,True,0.104651,0.143277,9606,Immune system,0.134
CD74,True,Luminal epithelial cells,Ectoderm,True,0.733333,0.361977,True,0.0769231,0.125225,9606,Mammary gland,0.169
CD74,True,Plasma cells,Mesoderm,True,0.972222,0.356781,True,1.0,0.125128,9606,Immune system,0.169
CD74,True,B cells,Mesoderm,True,0.983871,0.351438,True,0.94186,0.111437,9606,Immune system,0.169
CD74,True,Macrophages,Mesoderm,True,0.75,0.362264,True,0.721212,0.105633,9606,Immune system,0.169
CD74,True,B cells naive,Mesoderm,True,1.0,0.360718,True,0.0,0.125184,9606,Immune system,0.169
CD52,True,B cells naive,Mesoderm,True,1.0,0.274473,True,0.0,0.159833,9606,Immune system,0.181
CD52,True,B cells,Mesoderm,True,0.870968,0.266134,True,0.930233,0.146865,9606,Immune system,0.181
CD52,True,T cells,Mesoderm,True,0.916996,0.222865,True,0.700935,0.1523,9606,Immune system,0.181
HMGA1,True,Luminal epithelial cells,Ectoderm,True,0.733333,0.292729,True,0.153846,0.0269715,9606,Mammary gland,0.084
CD37,True,B cells naive,Mesoderm,True,1.0,0.21215,True,0.0,0.0949631,9606,Immune system,0.116
GNG7,True,Plasma cells,Mesoderm,True,0.555556,0.019962,True,0.0,0.00481263,9606,Immune system,0.009
HHEX,True,Delta cells,Endoderm,True,1.0,0.0204146,True,1.0,0.0389727,9606,Pancreas,0.037
IRF8,True,Plasmacytoid dendritic cells,Mesoderm,True,1.0,0.0205047,True,1.0,0.0738195,9606,Immune system,0.069
SELL,True,B cells naive,Mesoderm,True,0.533333,0.0579163,True,0.0,0.0,9606,Immune system,0.035
TCL1A,True,B cells naive,Mesoderm,True,0.733333,0.0116462,False,0.0,0.0,9606,Immune system,0.003
FOXP1,True,B cells naive,Mesoderm,True,0.8,0.229777,True,0.0,0.16163,9606,Immune system,0.174
HLA-DQB1,True,B cells naive,Mesoderm,True,0.866667,0.0610639,False,0.0,0.0,9606,Immune system,0.012
HLA-DQB1,True,Dendritic cells,Mesoderm,True,0.632653,0.0374384,False,0.0,0.0,9606,Immune system,0.012
LINC00926,True,B cells naive,Mesoderm,True,0.933333,0.0113314,False,0.0,0.0,10090,Immune system,0.003
KRT5,True,Keratinocytes,Mesoderm,True,0.6,0.0427404,True,0.963303,0.0084001,9606,Skin,0.019
KRT5,True,Basal cells,Mesoderm,True,0.66,0.0141354,True,1.0,0.0150154,9606,Epithelium,0.019
KRT5,True,Mammary epithelial cells,Mesoderm,True,1.0,0.0438871,True,0.0322581,0.0150444,9606,Mammary gland,0.019
KRT17,True,Keratinocytes,Mesoderm,True,1.0,0.071653,True,0.733945,0.0106617,9606,Skin,0.025
KRT14,True,Keratinocytes,Mesoderm,True,0.6,0.0179133,True,0.908257,0.0129232,9606,Skin,0.019
GYPC,True,Erythroid-like and erythroid precursor cells,Mesoderm,True,0.935673,0.190996,True,0.147679,0.00436539,9606,Blood,0.049
SLC25A37,True,Erythroid-like and erythroid precursor cells,Mesoderm,True,0.877193,0.0791129,True,0.0,0.0,9606,Blood,0.032
ACTG2,True,Myoepithelial cells,Mesoderm,True,1.0,0.0197554,True,0.716667,0.0068277,9606,Smooth muscle,0.011
ACTG2,True,Smooth muscle cells,Mesoderm,True,0.52381,0.0173447,True,0.31405,0.00717796,9606,Smooth muscle,0.011
LAMB3,True,Basal cells,Mesoderm,True,0.633333,0.0249836,True,1.0,0.00936858,9606,Epithelium,0.017
MMP7,True,Ductal cells,Endoderm,True,0.657143,0.0180551,True,0.0,0.00365736,9606,Pancreas,0.007
KRT15,True,Keratinocytes,Mesoderm,True,0.7,0.0458831,True,0.908257,0.0110494,9606,Skin,0.022
KRT15,True,Basal cells,Mesoderm,True,0.633333,0.0190664,True,1.0,0.0172613,9606,Epithelium,0.022
S100A14,True,Keratinocytes,Mesoderm,True,0.7,0.0949089,True,0.0,0.0,9606,Skin,0.03
MYLK,True,Myoepithelial cells,Mesoderm,True,1.0,0.0545626,True,0.866667,0.0436071,9606,Smooth muscle,0.047
MYLK,True,Smooth muscle cells,Mesoderm,True,1.0,0.0491958,True,0.958678,0.0396405,9606,Smooth muscle,0.047
CPA3,True,Mast cells,Mesoderm,True,1.0,0.00596734,True,1.0,0.00604618,9606,Immune system,0.009
IGFBP7,True,Hepatic stellate cells,Endoderm,True,1.0,0.238558,True,0.5,0.163191,9606,Liver,0.172
IGFBP7,True,Endothelial cells,Mesoderm,True,0.913462,0.216321,True,0.889323,0.125599,9606,Vasculature,0.172
CCL4,True,NK cells,Mesoderm,True,0.581081,0.043297,True,0.595745,0.0456394,9606,Immune system,0.049
GPR183,True,Plasmacytoid dendritic cells,Mesoderm,True,0.772727,0.0438486,True,0.0,0.0125924,9606,Immune system,0.019
PERP,True,Ductal cells,Endoderm,True,0.971429,0.158695,True,0.0,0.0519731,9606,Pancreas,0.077
SLC26A3,True,Enterocytes,Endoderm,True,1.0,0.0103578,True,0.0,0.0,9606,GI tract,0.003
ID1,True,Endothelial cells,Mesoderm,True,0.769231,0.190738,True,0.824219,0.0923939,9606,Vasculature,0.149
HOPX,True,Gamma delta T cells,Mesoderm,True,0.853333,0.0734681,True,0.0,0.0222779,9606,Immune system,0.033
HOPX,True,NK cells,Mesoderm,True,0.513514,0.0817832,True,0.0,0.0224001,9606,Immune system,0.033
HOPX,True,Mesangial cells,Mesoderm,True,1.0,0.0912226,True,0.0,0.022265,9606,Kidney,0.033
HOPX,True,Beta cells,Endoderm,True,0.863636,0.0864353,True,0.333333,0.0214244,9606,Pancreas,0.033
PDX1,True,Beta cells,Endoderm,True,0.681818,0.00126183,True,0.690476,0.00289519,9606,Pancreas,0.005
INS,True,Beta cells,Endoderm,True,1.0,0.0470032,False,0.0,0.0,9606,Pancreas,0.009
IAPP,True,Enteroendocrine cells,Endoderm,True,0.947368,0.0365585,True,0.848485,0.01884,9606,GI tract,0.023
IAPP,True,Beta cells,Endoderm,True,1.0,0.0353312,True,1.0,0.0179502,9606,Pancreas,0.023
IAPP,True,Delta cells,Endoderm,True,0.75,0.040201,True,1.0,0.0199679,9606,Pancreas,0.023
G6PC2,True,Beta cells,Endoderm,True,0.863636,0.00536278,True,0.785714,0.000128675,9606,Pancreas,0.004
GJD2,True,Beta cells,Endoderm,True,0.590909,0.00189274,True,0.452381,0.00379592,9606,Pancreas,0.005
SYT13,True,Beta cells,Endoderm,True,0.590909,0.00283912,True,0.0,0.0,9606,Pancreas,0.029
NPTX2,True,Beta cells,Endoderm,True,0.818182,0.0126183,True,0.0,0.00688413,9606,Pancreas,0.008
ADCYAP1,True,Beta cells,Endoderm,True,0.772727,0.000946372,True,0.0,0.00257351,9606,Pancreas,0.003
ISL1,True,Beta cells,Endoderm,True,0.681818,0.00883281,True,0.738095,0.0294666,9606,Pancreas,0.028
ISL1,True,Delta cells,Endoderm,True,1.0,0.0109925,True,1.0,0.0307544,9606,Pancreas,0.028
DLK1,True,Beta cells,Endoderm,True,0.681818,0.0416404,True,0.333333,0.0572605,9606,Pancreas,0.055
Q8CCV7,True,Beta cells,Endoderm,True,0.909091,0.109779,True,0.833333,0.333591,10090,Pancreas,0.288
Q8CCV7,True,Neurons,Ectoderm,True,0.666667,0.113729,True,0.99889,0.294198,10090,Brain,0.288
SMOC2,True,Leydig cells,Mesoderm,True,1.0,0.0172414,True,0.0,0.0,9606,Reproductive,0.026
DYNC1I1,True,Neurons,Ectoderm,True,0.777778,0.000314169,True,0.167592,0.0183193,9606,Brain,0.022
DACH1,True,Podocytes,Mesoderm,True,0.909091,0.0214511,True,0.222222,0.0109205,9606,Kidney,0.013
SLC17A6,True,Retinal ganglion cells,Ectoderm,True,1.0,0.0,True,0.0,0.0,9606,Brain,0.016
KIT,True,Mast cells,Mesoderm,True,0.625,0.000942211,True,0.921053,0.0163376,9606,Immune system,0.015
PLN,True,Smooth muscle cells,Mesoderm,True,0.666667,0.00914538,True,0.198347,0.00323332,9606,Smooth muscle,0.006
CCN2,True,Fibroblasts,Mesoderm,True,0.576577,0.0824408,True,0.106335,0.00970746,9606,Connective tissue,0.028
CCN2,True,Endothelial cells,Mesoderm,True,0.644231,0.0812824,True,0.00130208,0.0130256,9606,Vasculature,0.028
CCN2,True,Hepatic stellate cells,Endoderm,True,1.0,0.0990596,True,0.5,0.0123853,9606,Liver,0.028
CCN2,True,Podocytes,Mesoderm,True,0.863636,0.0943218,True,0.277778,0.0121411,9606,Kidney,0.028
KRT7,True,Mammary epithelial cells,Mesoderm,True,1.0,0.100627,True,0.483871,0.0465475,9606,Mammary gland,0.056
KRT7,True,Ductal cells,Endoderm,True,0.914286,0.0921761,True,0.0,0.0474174,9606,Pancreas,0.056
KRT19,True,Mammary epithelial cells,Mesoderm,True,1.0,0.170219,True,1.0,0.0635849,9606,Mammary gland,0.088
KRT19,True,Ductal cells,Endoderm,True,0.942857,0.162179,True,0.0,0.0654475,9606,Pancreas,0.088
KRT19,True,Luminal epithelial cells,Ectoderm,True,0.666667,0.168398,True,1.0,0.0646674,9606,Mammary gland,0.088
KRT19,True,Cholangiocytes,Endoderm,True,0.92,0.152711,True,1.0,0.0653276,9606,Liver,0.088
ALB,True,Hepatocytes,Endoderm,True,0.972973,0.0167987,True,1.0,0.00122226,9606,Liver,0.008
TFF3,True,Cholangiocytes,Endoderm,True,0.56,0.0327238,True,0.0,0.0,9606,Liver,0.022
TFF3,True,Goblet cells,Endoderm,True,1.0,0.04,True,0.0,0.0,9606,GI tract,0.022
EPCAM,True,Epithelial cells,Mesoderm,True,0.911765,0.160861,True,0.645161,0.103125,9606,Epithelium,0.117
EPCAM,True,Cholangiocytes,Endoderm,True,0.653333,0.157202,True,1.0,0.104088,9606,Liver,0.117
CLDN4,True,Cholangiocytes,Endoderm,True,0.88,0.110363,True,0.5,0.0286209,9606,Liver,0.047
CLDN4,True,Ductal cells,Endoderm,True,1.0,0.118784,True,0.0,0.0286814,9606,Pancreas,0.047
CLDN4,True,Luminal epithelial cells,Ectoderm,True,0.8,0.125275,True,1.0,0.0278705,9606,Mammary gland,0.047
CXCL1,True,Loop of Henle cells,Mesoderm,True,1.0,0.0454403,True,0.0,0.0305422,9606,Kidney,0.032
TACSTD2,True,Ductal cells,Endoderm,True,0.971429,0.0886918,True,0.0,0.0,9606,Pancreas,0.033
ELF3,True,Cholangiocytes,Endoderm,True,0.893333,0.0978505,True,1.0,0.0333697,9606,Liver,0.048
LGALS4,True,Cholangiocytes,Endoderm,True,0.613333,0.0247032,True,1.0,0.0306103,9606,Liver,0.032
VEGFA,True,Podocytes,Mesoderm,True,0.727273,0.0198738,True,0.0,0.0,9606,Kidney,0.021
EMP1,True,Endothelial cells,Mesoderm,True,0.75,0.0913212,True,0.259115,0.0591213,9606,Vasculature,0.076
COL6A1,True,Pancreatic stellate cells,Endoderm,True,0.826087,0.0848848,True,1.0,0.055445,9606,Pancreas,0.063
LUM,True,Fibroblasts,Mesoderm,True,0.873874,0.0587472,True,0.746606,0.0221885,9606,Connective tissue,0.051
S100A9,True,Dendritic cells,Mesoderm,True,0.517007,0.0834154,True,0.0,0.0,9606,Immune system,0.061
S100A9,True,Monocytes,Mesoderm,True,0.576923,0.0994946,True,0.0,0.0,9606,Immune system,0.061
MGP,True,Pancreatic stellate cells,Endoderm,True,0.782609,0.111707,True,0.5,0.0731566,9606,Pancreas,0.082
MGP,True,Endothelial cells,Mesoderm,True,0.596154,0.100389,True,0.166667,0.0683674,9606,Vasculature,0.082
MGP,True,Fibroblasts,Mesoderm,True,0.621622,0.0983447,True,0.61086,0.0575183,9606,Connective tissue,0.082
TCF4,True,Plasmacytoid dendritic cells,Mesoderm,True,0.909091,0.164353,True,0.0,0.0,9606,Immune system,0.394
SNAP25,True,Neurons,Ectoderm,True,1.0,0.0194785,True,0.0,0.0,9606,Brain,0.112
CCDC153,True,Ependymal cells,Ectoderm,True,0.666667,0.000313873,True,0.76,0.000518303,9606,Brain,0.006
FOXJ1,True,Ependymal cells,Ectoderm,True,0.666667,0.00753296,True,0.96,0.002138,9606,Brain,0.01
ODF3B,True,Ependymal cells,Ectoderm,True,0.833333,0.0204018,True,0.673333,0.000907029,9606,Brain,0.009
SCGB1A1,True,Clara cells,Endoderm,True,1.0,0.0100345,True,0.0,0.0,9606,Lungs,0.028
SCGB3A2,True,Clara cells,Endoderm,True,1.0,0.0084666,True,0.0,0.0,9606,Lungs,0.008
SFTPC,True,Pulmonary alveolar type II cells,Endoderm,True,1.0,0.0191884,True,0.0,0.0,9606,Lungs,0.029
SFTPC,True,Clara cells,Endoderm,True,1.0,0.022264,True,0.0,0.0,9606,Lungs,0.029
CYP4B1,True,Clara cells,Endoderm,True,0.666667,0.0122295,True,0.659574,0.0171837,9606,Lungs,0.018
SFTPA1,True,Clara cells,Endoderm,True,0.666667,0.0172468,True,0.0,0.0,9606,Lungs,0.015
SFTPA1,True,Pulmonary alveolar type II cells,Endoderm,True,1.0,0.0138408,True,0.0,0.0,9606,Lungs,0.015
SFTPD,True,Pulmonary alveolar type II cells,Endoderm,True,0.923077,0.000629129,True,0.0,0.0,9606,Lungs,0.01
CTSW,True,NK cells,Mesoderm,True,0.702703,0.0465042,True,0.925532,0.0139436,9606,Immune system,0.026
CTSW,True,Gamma delta T cells,Mesoderm,True,0.96,0.0401027,True,0.555556,0.019132,9606,Immune system,0.026
IL32,True,T cells,Mesoderm,True,0.976285,0.138482,False,0.0,0.0,9606,Immune system,0.036
TRDC,True,Gamma delta T cells,Mesoderm,True,0.653333,0.0105871,True,0.0,0.0,9606,Immune system,0.011
CST7,True,NK cells,Mesoderm,True,0.878378,0.0500321,True,0.340426,0.0167839,9606,Immune system,0.028
CST7,True,Gamma delta T cells,Mesoderm,True,0.973333,0.0474816,True,0.222222,0.0186184,9606,Immune system,0.028
SST,True,Delta cells,Endoderm,True,1.0,0.0452261,True,0.0,0.0,9606,Pancreas,0.027
SST,True,Enteroendocrine cells,Endoderm,True,1.0,0.0419162,True,0.0,0.0,9606,GI tract,0.027
RBP4,True,Delta cells,Endoderm,True,0.875,0.03549,True,0.0,0.0,9606,Pancreas,0.032
GPC5-AS1,True,Gamma (PP) cells,Endoderm,True,0.857143,0.0021978,False,0.0,0.0,10090,Pancreas,0.001
CD83,True,Macrophages,Mesoderm,True,0.666667,0.0361635,True,0.563636,0.0306163,9606,Immune system,0.045
LAMP3,True,Pulmonary alveolar type II cells,Endoderm,True,0.538462,0.0113243,True,0.80303,6.47124e-05,9606,Lungs,0.008
TREM2,True,Macrophages,Mesoderm,True,0.75,0.00377358,True,0.0,0.0,9606,Immune system,0.042
HLA-DMA,True,Dendritic cells,Mesoderm,True,0.809524,0.090312,False,0.0,0.0,9606,Immune system,0.022
HLA-DRB1,True,Dendritic cells,Mesoderm,True,0.986395,0.141215,False,0.0,0.0,9606,Immune system,0.033
HLA-DPA1,True,Dendritic cells,Mesoderm,True,1.0,0.130706,False,0.0,0.0,9606,Immune system,0.031
HLA-DPB1,True,Dendritic cells,Mesoderm,True,1.0,0.137603,False,0.0,0.0,9606,Immune system,0.032
VSIG4,True,Macrophages,Mesoderm,True,0.666667,0.0110063,True,0.0,0.0,9606,Immune system,0.005
CXCL16,True,Macrophages,Mesoderm,True,0.666667,0.063522,True,0.519192,0.0299536,9606,Immune system,0.048
ASS1,True,Proximal tubule cells,Mesoderm,True,1.0,0.0404262,True,0.928571,0.044602,9606,Kidney,0.048
AIF1,True,Dendritic cells,Mesoderm,True,0.884354,0.0945813,True,0.880952,0.0742456,9606,Immune system,0.085
AIF1,True,Macrophages,Mesoderm,True,0.916667,0.127987,True,0.826263,0.0518224,9606,Immune system,0.085
LST1,True,Dendritic cells,Mesoderm,True,0.877551,0.0689655,True,0.166667,0.0752107,9606,Immune system,0.082
CTSS,True,Dendritic cells,Mesoderm,True,0.911565,0.0968801,True,1.0,0.124236,9606,Immune system,0.129
FCGR3A,True,Macrophages,Mesoderm,True,0.583333,0.0333333,False,0.0,0.0,9606,Immune system,0.006
FTL,True,Dendritic cells,Mesoderm,True,0.993197,0.935961,False,0.0,0.0,9606,Immune system,0.178
SERPINA1,True,Hepatocytes,Endoderm,True,0.972973,0.0748019,False,0.0,0.0,9606,Liver,0.016
DAB2,True,Macrophages,Mesoderm,True,0.75,0.045283,True,0.723232,0.0525514,9606,Immune system,0.068
VCAN,True,Oligodendrocyte progenitor cells,Ectoderm,True,1.0,0.0948195,True,0.0,0.0,9606,Brain,0.056
ANXA1,True,Dendritic cells,Mesoderm,True,0.748299,0.341215,True,0.47619,0.11806,9606,Immune system,0.161
ANXA1,True,Luminal epithelial cells,Ectoderm,True,0.8,0.357885,True,1.0,0.118289,9606,Mammary gland,0.161
LGALS3,True,Macrophages,Mesoderm,True,0.583333,0.307862,True,0.650505,0.111199,9606,Immune system,0.164
LGALS3,True,Dendritic cells,Mesoderm,True,0.585034,0.295566,True,0.880952,0.126295,9606,Immune system,0.164
NAPSA,True,Pulmonary alveolar type II cells,Endoderm,True,1.0,0.0044039,True,0.871212,0.0558468,9606,Lungs,0.054
MACROH2A1,True,Dendritic cells,Mesoderm,True,0.62585,0.28046,True,0.785714,0.401853,9606,Immune system,0.385
HLA-A,True,Platelets,Mesoderm,True,1.0,0.693538,False,0.0,0.0,9606,Blood,0.126
HLA-A,True,Dendritic cells,Mesoderm,True,0.993197,0.679475,False,0.0,0.0,9606,Immune system,0.126
HLA-B,True,Dendritic cells,Mesoderm,True,1.0,0.637767,False,0.0,0.0,9606,Immune system,0.116
HLA-C,True,Dendritic cells,Mesoderm,True,0.986395,0.607553,False,0.0,0.0,9606,Immune system,0.113
KRT20,True,Enterocytes,Endoderm,True,0.833333,0.0134965,True,0.466887,0.00274815,9606,GI tract,0.012
AMBP,True,Hepatocytes,Endoderm,True,0.621622,0.0066561,True,0.925,0.00984239,9606,Liver,0.013
SLPI,True,Luminal epithelial cells,Ectoderm,True,0.866667,0.0912811,True,0.0,0.0,9606,Mammary gland,0.048
SLPI,True,Ductal cells,Endoderm,True,0.885714,0.0861577,True,0.0,0.0,9606,Pancreas,0.048
WFDC2,True,Luminal epithelial cells,Ectoderm,True,0.733333,0.0912811,True,0.0,0.0,9606,Mammary gland,0.056
WFDC2,True,Ductal cells,Endoderm,True,0.685714,0.0877415,True,0.0,0.0,9606,Pancreas,0.056
CCL2,True,Hepatic stellate cells,Endoderm,True,1.0,0.0642633,True,0.5,0.0318296,9606,Liver,0.037
CTSH,True,Ductal cells,Endoderm,True,0.542857,0.104213,True,0.0,0.154187,9606,Pancreas,0.147
S100A10,True,Endothelial cells,Mesoderm,True,0.971154,0.516839,True,0.0,0.0,9606,Vasculature,0.374
S100A10,True,Ductal cells,Endoderm,True,1.0,0.526449,True,0.0,0.0,9606,Pancreas,0.374
PODXL,True,Podocytes,Mesoderm,True,1.0,0.0343849,True,0.944444,0.0387358,9606,Kidney,0.04
GJB1,True,Oligodendrocytes,Ectoderm,True,0.535714,0.005689,True,0.646113,0.00788463,9606,Brain,0.033
THY1,True,Pancreatic stellate cells,Endoderm,True,0.695652,0.0274535,True,0.0,0.0,9606,Pancreas,0.095
CD9,True,Endothelial cells,Mesoderm,True,0.634615,0.258744,True,0.43099,0.362826,9606,Vasculature,0.344
CD9,True,Luminal epithelial cells,Ectoderm,True,0.933333,0.267863,True,1.0,0.365656,9606,Mammary gland,0.344
PECAM1,True,Endothelial cells,Mesoderm,True,0.798077,0.0187824,True,0.910156,0.00911116,9606,Vasculature,0.051
NR6A1,True,Germ cells,Mesoderm,True,0.601896,0.0328749,True,0.115854,0.00311264,9606,Reproductive,0.017
STAT3,True,Fibroblasts,Mesoderm,True,0.504505,0.136644,True,0.0,0.0,9606,Connective tissue,0.099
MCAM,True,Pericytes,Mesoderm,True,0.714286,0.0197802,True,0.673554,0.0235938,9606,Vasculature,0.031
VWF,True,Endothelial cells,Mesoderm,True,0.711538,0.00356218,True,0.0,0.0,9606,Vasculature,0.016
ADGRF5,True,Pulmonary alveolar type II cells,Endoderm,True,0.538462,0.0157282,True,0.590909,0.0500227,9606,Lungs,0.047
NRP2,True,Macrophages,Mesoderm,True,0.666667,0.0330189,True,0.0848485,0.0399602,9606,Immune system,0.04
CLEC14A,True,Endothelial cells,Mesoderm,True,0.769231,0.00420984,True,0.445312,0.00188972,9606,Vasculature,0.024
HYAL2,True,Endothelial cells,Mesoderm,True,0.567308,0.0540803,True,0.153646,0.0143754,9606,Vasculature,0.031
CALCRL,True,Endothelial cells,Mesoderm,True,0.605769,0.00518135,True,0.24349,0.00425187,9606,Vasculature,0.017
EMCN,True,Endothelial cells,Mesoderm,True,0.653846,0.0100389,True,0.742188,0.0116083,9606,Vasculature,0.043
ADGRL4,True,Endothelial cells,Mesoderm,True,0.778846,0.0126295,True,0.75,0.00796383,9606,Vasculature,0.042
CLDN5,True,Endothelial cells,Mesoderm,True,0.971154,0.0210492,True,0.880208,0.0128231,9606,Vasculature,0.054
CAVIN2,True,Platelets,Mesoderm,True,1.0,0.0363864,False,0.0,0.0,9606,Blood,0.006
ECSCR,True,Endothelial cells,Mesoderm,True,0.855769,0.00906736,True,0.654948,0.0195046,9606,Vasculature,0.047
CDH5,True,Endothelial cells,Mesoderm,True,0.644231,0.00453368,True,0.825521,0.00742391,9606,Vasculature,0.043
TGFBR2,True,Endothelial cells,Mesoderm,True,0.528846,0.0229922,True,0.0,0.0,9606,Vasculature,0.044
ENG,True,Endothelial cells,Mesoderm,True,0.846154,0.0395078,True,0.865885,0.0174799,9606,Vasculature,0.058
EGFL7,True,Endothelial cells,Mesoderm,True,0.913462,0.0880829,True,0.996094,0.0387393,9606,Vasculature,0.092
FLT1,True,Endothelial cells,Mesoderm,True,0.615385,0.0262306,True,0.894531,0.0112033,9606,Vasculature,0.051
EPAS1,True,Endothelial cells,Mesoderm,True,0.576923,0.0391839,True,0.858073,0.0429237,9606,Vasculature,0.076
CD34,True,Endothelial cells,Mesoderm,True,0.538462,0.0236399,True,0.752604,0.044341,9606,Vasculature,0.071
SRGN,True,Platelets,Mesoderm,True,1.0,0.329674,True,0.0,0.0,9606,Blood,0.236
SRGN,True,Endothelial cells,Mesoderm,True,0.798077,0.314767,True,0.0,0.0,9606,Vasculature,0.236
SPARC,True,Platelets,Mesoderm,True,0.75,0.230238,True,0.0,0.0,9606,Blood,0.307
SPARC,True,Endothelial cells,Mesoderm,True,0.884615,0.208873,True,0.0,0.0,9606,Vasculature,0.307
SPARC,True,Fibroblasts,Mesoderm,True,0.837838,0.209023,True,0.0,0.0,9606,Connective tissue,0.307
SPARC,True,Hepatic stellate cells,Endoderm,True,1.0,0.230408,True,0.0,0.0,9606,Liver,0.307
SPARC,True,Pancreatic stellate cells,Endoderm,True,1.0,0.225308,True,0.0,0.0,9606,Pancreas,0.307
SLC9A3R2,True,Endothelial cells,Mesoderm,True,0.740385,0.0569948,True,0.0,0.0,9606,Vasculature,0.078
SPARCL1,True,Endothelial cells,Mesoderm,True,0.557692,0.0867876,True,0.0,0.0,9606,Vasculature,0.156
TM4SF1,True,Endothelial cells,Mesoderm,True,0.961538,0.150259,True,0.0,0.0,9606,Vasculature,0.118
ID3,True,Endothelial cells,Mesoderm,True,0.923077,0.206282,True,0.971354,0.203887,9606,Vasculature,0.245
CAV1,True,Endothelial cells,Mesoderm,True,0.807692,0.0981218,True,0.690104,0.0355673,9606,Vasculature,0.077
GNG11,True,Endothelial cells,Mesoderm,True,1.0,0.0867876,True,0.964844,0.102855,9606,Vasculature,0.138
GNG11,True,Platelets,Mesoderm,True,1.0,0.115433,True,1.0,0.145167,9606,Blood,0.138
S100A13,True,Endothelial cells,Mesoderm,True,0.730769,0.146049,True,0.0,0.0,9606,Vasculature,0.229
IFI27,True,Endothelial cells,Mesoderm,True,0.740385,0.0835492,True,0.30599,0.153472,9606,Vasculature,0.15
PCAT19,True,Endothelial cells,Mesoderm,True,0.75,0.00809585,False,0.0,0.0,10090,Vasculature,0.005
PTGDS,True,Leydig cells,Mesoderm,True,1.0,0.0576802,True,0.181818,0.0550276,9606,Reproductive,0.054
PTGDS,True,Oligodendrocytes,Ectoderm,True,1.0,0.0499368,True,0.469169,0.0343015,9606,Brain,0.054
TIMP3,True,Pancreatic stellate cells,Endoderm,True,0.695652,0.157147,True,0.0,0.0,9606,Pancreas,0.147
TIMP3,True,Endothelial cells,Mesoderm,True,0.759615,0.140868,True,0.0,0.0,9606,Vasculature,0.147
SYNPO,True,Podocytes,Mesoderm,True,0.545455,0.00567823,True,0.0,0.0,9606,Kidney,0.009
SOD3,True,Smooth muscle cells,Mesoderm,True,0.857143,0.0561337,True,0.0,0.0,9606,Smooth muscle,0.027
GFRA3,True,Enteric glia cells,Endoderm,True,0.833333,0.00094162,True,0.0,0.00558229,9606,GI tract,0.005
GFRA3,True,Peri-islet Schwann cells,Endoderm,True,1.0,0.00219367,True,1.0,0.00494382,9606,Pancreas,0.005
CXCL14,True,Fibroblasts,Mesoderm,True,0.540541,0.0246673,True,0.266968,0.0419336,9606,Connective tissue,0.049
FABP1,True,Enterocytes,Endoderm,True,1.0,0.039548,True,0.708609,0.0144605,9606,GI tract,0.03
CA1,True,Enterocytes,Endoderm,True,0.833333,0.0621469,False,0.0,0.0,9606,GI tract,0.01
FABP2,True,Enterocytes,Endoderm,True,0.833333,0.00533584,True,0.870861,0.00889878,9606,GI tract,0.022
VIL1,True,Enterocytes,Endoderm,True,0.833333,0.00690521,True,0.0,0.0,9606,GI tract,0.022
CDH17,True,Enterocytes,Endoderm,True,0.833333,0.0134965,True,0.910596,0.00516914,9606,GI tract,0.021
KLF5,True,Enterocytes,Endoderm,True,0.833333,0.0897677,True,0.745033,0.043447,9606,GI tract,0.062
MUC13,True,Goblet cells,Endoderm,True,0.647059,0.0144882,True,0.967742,0.0318889,9606,GI tract,0.03
PHGR1,True,Goblet cells,Endoderm,True,1.0,0.0371654,True,0.967742,0.0268098,9606,GI tract,0.031
SPON2,True,Fibroblasts,Mesoderm,True,0.558559,0.0305096,True,0.0,0.0,9606,Connective tissue,0.017
SPON2,True,Gamma delta T cells,Mesoderm,True,0.533333,0.0372153,True,0.0,0.0,9606,Immune system,0.017
APOA1,True,Hepatocytes,Endoderm,True,0.891892,0.0586371,True,1.0,0.0231586,9606,Liver,0.032
APOC3,True,Hepatocytes,Endoderm,True,0.972973,0.0133122,True,0.9,0.0152461,9606,Liver,0.018
SLC51B,True,Enterocytes,Endoderm,True,0.833333,0.00973007,True,0.0,0.0,9606,GI tract,0.007
PDZK1,True,Proximal tubule cells,Mesoderm,True,1.0,0.0034472,True,0.0285714,0.00116017,9606,Kidney,0.002
ACSL5,True,Enterocytes,Endoderm,True,0.666667,0.0153798,True,0.728477,0.0501211,9606,GI tract,0.055
AQP8,True,Enterocytes,Endoderm,True,0.833333,0.00282486,True,0.0165563,0.00739384,9606,GI tract,0.007
SLC39A5,True,Enterocytes,Endoderm,True,0.833333,0.00564972,True,0.0,0.0,9606,GI tract,0.01
MAOA,True,Enterocytes,Endoderm,True,0.833333,0.027307,True,0.576159,0.0253877,9606,GI tract,0.034
DGAT1,True,Enterocytes,Endoderm,True,0.666667,0.0128688,True,0.698676,0.0199568,9606,GI tract,0.029
CHGB,True,Enteroendocrine cells,Endoderm,True,0.631579,0.0409707,True,0.484848,0.0851337,9606,GI tract,0.076
CPE,True,Enteroendocrine cells,Endoderm,True,0.631579,0.130161,True,0.757576,0.364648,9606,GI tract,0.317
ENPP2,True,Oligodendrocytes,Ectoderm,True,1.0,0.0243363,True,0.994638,0.045623,9606,Brain,0.08
C5AR1,True,Macrophages,Mesoderm,True,0.583333,0.0119497,True,0.543434,0.0133863,9606,Immune system,0.027
CCL5,True,Gamma delta T cells,Mesoderm,True,0.986667,0.0641643,True,1.0,0.0321649,9606,Immune system,0.042
CCL5,True,Platelets,Mesoderm,True,1.0,0.0846926,True,0.0,0.0327301,9606,Blood,0.042
CCL5,True,NK cells,Mesoderm,True,0.891892,0.0667094,True,0.968085,0.027048,9606,Immune system,0.042
ENKUR,True,Ependymal cells,Ectoderm,True,1.0,0.0106717,True,0.84,0.0069323,9606,Brain,0.014
ZMYND10,True,Ependymal cells,Ectoderm,True,1.0,0.0235405,True,0.0,0.0,9606,Brain,0.009
CFAP44,True,Ependymal cells,Ectoderm,True,0.666667,0.00878845,True,0.593333,0.00149012,9606,Brain,0.007
ANLN,True,Oligodendrocytes,Ectoderm,True,0.857143,0.0129583,True,0.261394,0.0111193,9606,Brain,0.023
AQP3,True,Keratinocytes,Mesoderm,True,0.6,0.0694532,True,0.798165,0.0104032,9606,Skin,0.025
AQP3,True,Luminal epithelial cells,Ectoderm,True,0.866667,0.0673591,True,0.461538,0.0155407,9606,Mammary gland,0.025
AQP3,True,Gamma (PP) cells,Endoderm,True,0.714286,0.0697017,True,0.0,0.0159127,9606,Pancreas,0.025
APOH,True,Hepatocytes,Endoderm,True,0.594595,0.000950872,True,0.9,0.0010936,9606,Liver,0.004
KRT8,True,Mammary epithelial cells,Mesoderm,True,1.0,0.210658,True,1.0,0.0912948,9606,Mammary gland,0.12
KRT8,True,Luminal epithelial cells,Ectoderm,True,0.933333,0.207743,True,1.0,0.0923452,9606,Mammary gland,0.12
ALAS2,True,Erythroid-like and erythroid precursor cells,Mesoderm,True,0.842105,0.000662032,True,0.675106,0.00462601,9606,Blood,0.019
HBB,True,Erythroid-like and erythroid precursor cells,Mesoderm,True,0.959064,0.129096,False,0.0,0.0,9606,Blood,0.03
THBS1,True,Loop of Henle cells,Mesoderm,True,1.0,0.0517079,True,0.0,0.0,9606,Kidney,0.04
GYPB,True,Erythroid-like and erythroid precursor cells,Mesoderm,True,0.561404,0.000331016,False,0.0,0.0,9606,Blood,0.005
NCOA4,True,Platelets,Mesoderm,True,1.0,0.0934755,True,0.0,0.00346554,9606,Blood,0.02
FOSB,True,Fibroblasts,Mesoderm,True,0.54955,0.189224,True,0.533937,0.101433,9606,Connective tissue,0.125
EPB42,True,Erythroid-like and erythroid precursor cells,Mesoderm,True,0.526316,0.000331016,True,0.0843882,6.51551e-05,9606,Blood,0.006
SNCA,True,Erythroid-like and erythroid precursor cells,Mesoderm,True,0.812865,0.041046,True,0.0,0.0,9606,Blood,0.096
PDGFRB,True,Pericytes,Mesoderm,True,1.0,0.0342229,True,0.966942,0.0187056,9606,Vasculature,0.033
PDGFRB,True,Mesangial cells,Mesoderm,True,1.0,0.0357367,True,0.0,0.0334296,9606,Kidney,0.033
IGFBP6,True,Hepatic stellate cells,Endoderm,True,1.0,0.0833856,True,0.0,0.0294552,9606,Liver,0.039
IGFBP6,True,Fibroblasts,Mesoderm,True,0.684685,0.0623174,True,0.576923,0.0134716,9606,Connective tissue,0.039
CDH11,True,Fibroblasts,Mesoderm,True,0.540541,0.0340798,True,0.377828,0.0263488,9606,Connective tissue,0.039
COL6A3,True,Fibroblasts,Mesoderm,True,0.567568,0.0259656,True,0.615385,0.010698,9606,Connective tissue,0.032
COL6A3,True,Pancreatic stellate cells,Endoderm,True,0.652174,0.0403913,True,1.0,0.0277225,9606,Pancreas,0.032
C1S,True,Fibroblasts,Mesoderm,True,0.792793,0.0516066,False,0.0,0.0,9606,Connective tissue,0.013
FN1,True,Mesangial cells,Mesoderm,True,1.0,0.0987461,True,0.0,0.0869426,9606,Kidney,0.091
FN1,True,Pancreatic stellate cells,Endoderm,True,0.652174,0.0952982,True,0.5,0.0868896,9606,Pancreas,0.091
COL1A2,True,Fibroblasts,Mesoderm,True,0.711712,0.103213,True,1.0,0.0615466,9606,Connective tissue,0.097
COL1A2,True,Pancreatic stellate cells,Endoderm,True,0.956522,0.118334,True,1.0,0.0880447,9606,Pancreas,0.097
COL1A2,True,Hepatic stellate cells,Endoderm,True,1.0,0.123824,True,0.5,0.0881088,9606,Liver,0.097
COL3A1,True,Pancreatic stellate cells,Endoderm,True,0.869565,0.0937204,True,1.0,0.081114,9606,Pancreas,0.086
COL3A1,True,Hepatic stellate cells,Endoderm,True,1.0,0.0987461,True,0.5,0.0811782,9606,Liver,0.086
COL3A1,True,Fibroblasts,Mesoderm,True,0.666667,0.0788705,True,0.963801,0.0554712,9606,Connective tissue,0.086
FSTL1,True,Fibroblasts,Mesoderm,True,0.594595,0.0918533,True,0.963801,0.102622,9606,Connective tissue,0.123
GSN,True,Fibroblasts,Mesoderm,True,0.63964,0.186628,True,0.884615,0.191376,9606,Connective tissue,0.206
COL1A1,True,Pancreatic stellate cells,Endoderm,True,0.869565,0.0943515,True,1.0,0.0731566,9606,Pancreas,0.081
COL1A1,True,Hepatic stellate cells,Endoderm,True,1.0,0.099373,True,0.5,0.0732208,9606,Liver,0.081
COL1A1,True,Fibroblasts,Mesoderm,True,0.657658,0.0798442,True,0.970588,0.0470845,9606,Connective tissue,0.081
SERPINH1,True,Fibroblasts,Mesoderm,True,0.522523,0.142486,True,0.0,0.0,9606,Connective tissue,0.219
PDGFRA,True,Oligodendrocyte progenitor cells,Ectoderm,True,1.0,0.0455259,True,0.849057,0.0329149,9606,Brain,0.044
DCN,True,Hepatic stellate cells,Endoderm,True,1.0,0.106583,True,0.5,0.0818199,9606,Liver,0.084
DCN,True,Fibroblasts,Mesoderm,True,0.936937,0.0772476,True,0.923077,0.0573202,9606,Connective tissue,0.084
EGR1,True,Fibroblasts,Mesoderm,True,0.63964,0.171373,True,0.823529,0.190517,9606,Connective tissue,0.202
HIF1A,True,Luminal epithelial cells,Ectoderm,True,0.533333,0.0997797,True,0.769231,0.0850886,9606,Mammary gland,0.089
KLF6,True,Fibroblasts,Mesoderm,True,0.648649,0.423239,True,0.69457,0.26395,9606,Connective tissue,0.3
PGC,True,Pulmonary alveolar type II cells,Endoderm,True,0.769231,0.00251651,True,0.0,0.00478871,9606,Lungs,0.005
CLDN18,True,Pulmonary alveolar type II cells,Endoderm,True,0.769231,0.000943693,True,0.893939,0.00433573,9606,Lungs,0.01
PPY,True,Gamma (PP) cells,Endoderm,True,1.0,0.0386185,True,0.0,0.0153994,9606,Pancreas,0.019
CMTM8,True,Gamma (PP) cells,Endoderm,True,1.0,0.0241758,True,0.0,0.0371511,9606,Pancreas,0.035
THSD7A,True,Podocytes,Mesoderm,True,0.909091,0.0135647,True,0.0,0.0,9606,Kidney,0.016
GNLY,True,NK cells,Mesoderm,True,0.851351,0.0635022,False,0.0,0.0,9606,Immune system,0.013
GNLY,True,Gamma delta T cells,Mesoderm,True,1.0,0.0596728,False,0.0,0.0,9606,Immune system,0.013
GZMB,True,Gamma delta T cells,Mesoderm,True,0.933333,0.039461,True,0.666667,0.00796097,9606,Immune system,0.017
GZMB,True,NK cells,Mesoderm,True,0.513514,0.0497114,True,0.670213,0.00432509,9606,Immune system,0.017
GZMB,True,Plasmacytoid dendritic cells,Mesoderm,True,1.0,0.0539432,True,0.0,0.00835207,9606,Immune system,0.017
GZMB,True,T cytotoxic cells,Mesoderm,True,1.0,0.0598746,True,0.0,0.00834135,9606,Immune system,0.017
FGFBP2,True,Gamma delta T cells,Mesoderm,True,0.773333,0.0109079,False,0.0,0.0,9606,Immune system,0.005
NKG7,True,Gamma delta T cells,Mesoderm,True,1.0,0.0863009,True,1.0,0.0453903,9606,Immune system,0.056
NKG7,True,NK cells,Mesoderm,True,0.945946,0.0878768,True,1.0,0.0401523,9606,Immune system,0.056
PRF1,True,Gamma delta T cells,Mesoderm,True,0.786667,0.012512,True,0.333333,0.0045583,9606,Immune system,0.009
KLRF1,True,Gamma delta T cells,Mesoderm,True,0.626667,0.0060956,False,0.0,0.0,9606,Immune system,0.003
KLRD1,True,Gamma delta T cells,Mesoderm,True,0.853333,0.0192493,True,1.0,0.0160503,9606,Immune system,0.02
KLRD1,True,NK cells,Mesoderm,True,0.594595,0.0256575,True,0.914894,0.0111678,9606,Immune system,0.02
GZMA,True,NK cells,Mesoderm,True,0.905405,0.0458627,True,0.787234,0.0136854,9606,Immune system,0.026
GZMA,True,Gamma delta T cells,Mesoderm,True,0.92,0.0452358,True,1.0,0.0177838,9606,Immune system,0.026
CD247,True,Gamma delta T cells,Mesoderm,True,0.8,0.0375361,True,0.0,0.0125193,9606,Immune system,0.019
CD7,True,T cells,Mesoderm,True,0.664032,0.055461,True,0.196262,0.013597,9606,Immune system,0.03
CD7,True,Gamma delta T cells,Mesoderm,True,0.906667,0.084376,True,0.555556,0.0157935,9606,Immune system,0.03
DDX4,True,Germ cells,Mesoderm,True,0.739336,0.00100637,True,0.426829,0.00188055,9606,Reproductive,0.013
PRM1,True,Germ cells,Mesoderm,True,0.853081,0.0399195,True,0.841463,0.00019454,9606,Reproductive,0.022
ODF2,True,Germ cells,Mesoderm,True,0.753555,0.00234821,True,0.926829,0.0151093,9606,Reproductive,0.028
PGK2,True,Germ cells,Mesoderm,True,0.50237,0.0,True,0.786585,0.0,9606,Reproductive,0.012
TNP1,True,Germ cells,Mesoderm,True,0.729858,0.0231466,True,0.0,0.0,9606,Reproductive,0.018
SMCP,True,Germ cells,Mesoderm,True,0.535545,0.00369004,True,0.0,0.0,9606,Reproductive,0.013
PRM2,True,Germ cells,Mesoderm,True,0.834123,0.0362295,True,0.865854,0.00019454,9606,Reproductive,0.022
RSBN1L,True,Germ cells,Mesoderm,True,0.601896,0.0805099,True,0.0,0.0,9606,Reproductive,0.026
DYNLT1,True,Germ cells,Mesoderm,True,0.691943,0.328078,True,0.134146,0.0149147,9606,Reproductive,0.083
MRPL14,True,Germ cells,Mesoderm,True,0.63981,0.249245,True,0.097561,0.24966,9606,Reproductive,0.259
CREM,True,Germ cells,Mesoderm,True,0.872038,0.107682,True,0.487805,0.0384541,9606,Reproductive,0.065
CALD1,True,Mesangial cells,Mesoderm,True,1.0,0.268339,True,0.0,0.165544,9606,Kidney,0.186
COL4A1,True,Pancreatic stellate cells,Endoderm,True,0.913043,0.074787,True,0.5,0.113136,9606,Pancreas,0.105
MUC2,True,Goblet cells,Endoderm,True,0.823529,0.0015748,True,0.806452,0.00578629,9606,GI tract,0.007
ITLN1,True,Goblet cells,Endoderm,True,0.764706,0.00188976,True,0.516129,0.00925807,9606,GI tract,0.009
SPINK4,True,Goblet cells,Endoderm,True,0.705882,0.00251969,True,0.0,0.0,9606,GI tract,0.014
AMH,True,Granulosa cells,Mesoderm,True,1.0,0.0147289,True,0.5,0.00237438,9606,Reproductive,0.004
INHA,True,Granulosa cells,Mesoderm,True,1.0,0.013162,True,1.0,0.00487711,9606,Reproductive,0.006
RGS18,True,Platelets,Mesoderm,True,0.75,0.00250941,True,0.0,0.0,9606,Blood,0.019
MYL9,True,Myoepithelial cells,Mesoderm,True,1.0,0.159611,True,1.0,0.0597746,9606,Smooth muscle,0.081
MYL9,True,Mesangial cells,Mesoderm,True,1.0,0.159875,True,0.0,0.0633943,9606,Kidney,0.081
MYL9,True,Peritubular myoid cells,Mesoderm,True,0.811321,0.149411,True,0.0,0.0633943,9606,Reproductive,0.081
MYL9,True,Smooth muscle cells,Mesoderm,True,1.0,0.154841,True,1.0,0.0560657,9606,Smooth muscle,0.081
MYL9,True,Hepatic stellate cells,Endoderm,True,1.0,0.159875,True,0.0,0.0634024,9606,Liver,0.081
TPM2,True,Hepatic stellate cells,Endoderm,True,1.0,0.146395,True,0.0,0.0,9606,Liver,0.075
TPM2,True,Mesangial cells,Mesoderm,True,1.0,0.146395,True,0.0,0.0,9606,Kidney,0.075
BGN,True,Hepatic stellate cells,Endoderm,True,1.0,0.0648903,True,0.5,0.106911,9606,Liver,0.097
BGN,True,Smooth muscle cells,Mesoderm,True,0.714286,0.0611794,True,0.719008,0.102173,9606,Smooth muscle,0.097
CCN1,True,Hepatic stellate cells,Endoderm,True,1.0,0.13511,True,0.5,0.123789,9606,Liver,0.125
KRT18,True,Luminal epithelial cells,Ectoderm,True,0.8,0.235127,True,1.0,0.0920241,9606,Mammary gland,0.126
KRT18,True,Mammary epithelial cells,Mesoderm,True,1.0,0.237304,True,1.0,0.0909734,9606,Mammary gland,0.126
PLSCR1,True,Monocytes,Mesoderm,True,0.692308,0.0590651,True,0.0,0.0135413,9606,Immune system,0.023
FGL1,True,Hepatocytes,Endoderm,True,0.594595,0.0044374,True,0.45,0.000450306,9606,Liver,0.004
APOA2,True,Hepatocytes,Endoderm,True,0.945946,0.0228209,True,1.0,0.00540367,9606,Liver,0.013
ORM1,True,Hepatocytes,Endoderm,True,0.972973,0.0120444,True,0.75,0.00720489,9606,Liver,0.011
SLC12A5,True,Neurons,Ectoderm,True,0.666667,0.00188501,True,0.0,0.0,9606,Brain,0.048
NOTCH3,True,Pericytes,Mesoderm,True,0.857143,0.0125589,True,0.826446,0.00938539,9606,Vasculature,0.02
NOTCH3,True,Smooth muscle cells,Mesoderm,True,0.571429,0.0107222,True,0.495868,0.0183652,9606,Smooth muscle,0.02
PTPRO,True,Podocytes,Mesoderm,True,1.0,0.000630915,True,0.5,0.0116272,9606,Kidney,0.011
NRGN,True,Platelets,Mesoderm,True,0.75,0.0100376,True,1.0,0.0343345,9606,Blood,0.031
SRGAP1,True,Podocytes,Mesoderm,True,0.954545,0.0741325,True,0.0,0.0,9606,Kidney,0.025
NEFM,True,Neurons,Ectoderm,True,0.666667,0.0182218,True,0.147614,0.0210433,9606,Brain,0.028
MYH11,True,Smooth muscle cells,Mesoderm,True,1.0,0.0097761,True,0.958678,0.00756596,9606,Smooth muscle,0.015
CNN1,True,Smooth muscle cells,Mesoderm,True,0.571429,0.0249133,True,0.421488,0.0057553,9606,Smooth muscle,0.012
KRT10,True,Keratinocytes,Mesoderm,True,0.6,0.386864,True,0.458716,0.0258465,9606,Skin,0.099
MPO,True,Neutrophils,Mesoderm,True,1.0,0.0166719,True,0.590444,0.0122286,9606,Immune system,0.023
IRF7,True,Monocytes,Mesoderm,True,0.538462,0.0243209,True,1.0,0.0320883,9606,Immune system,0.033
IRF7,True,Plasmacytoid dendritic cells,Mesoderm,True,1.0,0.0217666,True,1.0,0.0310312,9606,Immune system,0.033
CYP17A1,True,Leydig cells,Mesoderm,True,1.0,0.00125392,True,0.636364,0.000642096,9606,Reproductive,0.001
CYP11A1,True,Leydig cells,Mesoderm,True,1.0,0.00344828,True,0.818182,0.00494414,9606,Reproductive,0.005
INSL3,True,Leydig cells,Mesoderm,True,1.0,0.000940439,True,0.545455,0.000192629,9606,Reproductive,0.001
LHCGR,True,Leydig cells,Mesoderm,True,1.0,0.0,True,0.272727,0.000321048,9606,Reproductive,0.0
HSD17B3,True,Leydig cells,Mesoderm,True,1.0,0.00219436,True,0.181818,0.0019905,9606,Reproductive,0.002
GEM,True,Loop of Henle cells,Mesoderm,True,1.0,0.0360389,True,0.0,0.0395252,9606,Kidney,0.038
PTGS2,True,Loop of Henle cells,Mesoderm,True,1.0,0.0134754,True,0.0,0.00840552,9606,Kidney,0.009
SERPINB3,True,Luminal epithelial cells,Ectoderm,True,0.533333,0.00377715,False,0.0,0.0,9606,Mammary gland,0.001
BTG1,True,Luminal epithelial cells,Ectoderm,True,0.866667,0.666667,True,1.0,0.257963,9606,Mammary gland,0.333
TNFSF10,True,Luminal epithelial cells,Ectoderm,True,0.6,0.0620082,True,0.0,0.0,9606,Mammary gland,0.014
CEBPD,True,Luminal epithelial cells,Ectoderm,True,0.866667,0.182562,True,0.307692,0.108464,9606,Mammary gland,0.122
PTH1R,True,Podocytes,Mesoderm,True,0.681818,0.000315457,True,0.833333,0.0224835,9606,Kidney,0.019
AIF1L,True,Podocytes,Mesoderm,True,0.863636,0.0164038,True,0.277778,0.00648808,9606,Kidney,0.01
RBPJ,True,Macrophages,Mesoderm,True,0.666667,0.163522,True,0.0,0.0,9606,Immune system,0.051
MS4A4A,True,Macrophages,Mesoderm,True,0.583333,0.00534591,True,0.020202,0.000132538,9606,Immune system,0.002
HPGDS,True,Mast cells,Mesoderm,True,1.0,0.0160176,True,0.315789,0.0364701,9606,Immune system,0.033
MS4A7,True,Macrophages,Mesoderm,True,0.833333,0.0292453,True,0.652525,0.00609675,9606,Immune system,0.027
CD3E,True,T cells,Mesoderm,True,0.810277,0.0384485,True,0.766355,0.0195823,9606,Immune system,0.041
CYBB,True,Macrophages,Mesoderm,True,0.916667,0.0342767,True,0.763636,0.0406229,9606,Immune system,0.059
TYROBP,True,Macrophages,Mesoderm,True,1.0,0.139623,True,0.0,0.0,9606,Immune system,0.149
MAF,True,Macrophages,Mesoderm,True,0.833333,0.0336478,True,0.533333,0.0675282,9606,Immune system,0.072
TPSAB1,True,Mast cells,Mesoderm,True,1.0,0.00439698,True,0.0,0.0,9606,Immune system,0.002
TPSB2,True,Mast cells,Mesoderm,True,1.0,0.00471106,True,0.0,0.0,9606,Immune system,0.004
RGS13,True,Mast cells,Mesoderm,True,0.875,0.00251256,True,0.0,0.0,9606,Immune system,0.003
VWA5A,True,Mast cells,Mesoderm,True,0.75,0.00722362,True,0.0,0.0,9606,Immune system,0.011
CTSG,True,Neutrophils,Mesoderm,True,1.0,0.00912237,True,0.532423,0.00699712,9606,Immune system,0.017
MFGE8,True,Pericytes,Mesoderm,True,1.0,0.078179,True,0.979339,0.153295,9606,Vasculature,0.15
ENO2,True,Neurons,Ectoderm,True,1.0,0.024191,True,0.692564,0.0271724,9606,Brain,0.06
PF4,True,Platelets,Mesoderm,True,1.0,0.00219573,True,1.0,0.0349763,9606,Blood,0.029
FILIP1L,True,Mesangial cells,Mesoderm,True,1.0,0.037931,True,0.0,0.032403,9606,Kidney,0.032
PTN,True,Mesangial cells,Mesoderm,True,1.0,0.0899687,True,0.0,0.369971,9606,Kidney,0.313
SFRP2,True,Pancreatic stellate cells,Endoderm,True,0.521739,0.0201956,True,0.0,0.0,9606,Pancreas,0.009
ANGPT2,True,Mesangial cells,Mesoderm,True,1.0,0.0153605,True,0.0,0.00186076,9606,Kidney,0.004
ITGA8,True,Mesangial cells,Mesoderm,True,1.0,0.00783699,True,0.0,0.00429901,9606,Kidney,0.005
ARID5B,True,Mesangial cells,Mesoderm,True,1.0,0.151097,True,0.0,0.071094,9606,Kidney,0.084
ACTN1,True,Mesangial cells,Mesoderm,True,1.0,0.130094,True,0.0,0.0797562,9606,Kidney,0.091
AKAP12,True,Mesangial cells,Mesoderm,True,1.0,0.138871,True,0.0,0.0866859,9606,Kidney,0.098
ROCK1,True,Mesangial cells,Mesoderm,True,1.0,0.13511,True,0.0,0.0,9606,Kidney,0.149
SH3BGRL,True,Mesangial cells,Mesoderm,True,1.0,0.294357,True,0.0,0.0,9606,Kidney,0.325
SNCG,True,Smooth muscle cells,Mesoderm,True,0.52381,0.0350047,True,0.0,0.0,9606,Smooth muscle,0.03
FLNA,True,Mesangial cells,Mesoderm,True,1.0,0.138245,True,0.0,0.0956047,9606,Kidney,0.108
MEF2C,True,Mesangial cells,Mesoderm,True,1.0,0.0924765,True,0.0,0.178248,9606,Kidney,0.163
MAP3K20,True,Mesangial cells,Mesoderm,True,1.0,0.0275862,True,0.0,0.0202117,9606,Kidney,0.022
RSPO1,True,Mesothelial cells,Mesoderm,True,1.0,0.0,True,0.0,0.0,9606,Epithelium,0.007
OAS1,True,Monocytes,Mesoderm,True,0.692308,0.0161087,False,0.0,0.0,9606,Immune system,0.005
MX1,True,Monocytes,Mesoderm,True,0.692308,0.0170562,True,1.0,0.00378642,9606,Immune system,0.008
IFIT1,True,Monocytes,Mesoderm,True,0.692308,0.0104232,True,1.0,0.013092,9606,Immune system,0.015
PRTN3,True,Neutrophils,Mesoderm,True,1.0,0.00723498,True,0.607509,0.0165446,9606,Immune system,0.026
PSAP,True,Monocytes,Mesoderm,True,0.615385,0.497473,True,1.0,0.610191,9606,Immune system,0.588
NPHS1,True,Podocytes,Mesoderm,True,0.954545,0.000315457,True,0.888889,0.0,9606,Kidney,0.002
BEX2,True,Neurons,Ectoderm,True,1.0,0.0807414,True,0.90455,0.337102,9606,Brain,0.311
BEX1,True,Neurons,Ectoderm,True,1.0,0.0983349,True,0.583796,0.158131,9606,Brain,0.17
CAMK2N1,True,Neurons,Ectoderm,True,0.666667,0.0420986,True,0.574917,0.0958186,9606,Brain,0.108
PNISR,True,Neurons,Ectoderm,True,0.666667,0.5765,True,0.893452,0.526764,9606,Brain,0.553
STMN2,True,Neurons,Ectoderm,True,0.666667,0.0490104,True,0.0,0.0,9606,Brain,0.209
VSNL1,True,Neurons,Ectoderm,True,0.777778,0.00534087,True,0.0,0.0,9606,Brain,0.049
ATP6V0A1,True,Neurons,Ectoderm,True,0.666667,0.00282752,True,0.54162,0.0285345,9606,Brain,0.047
MYO5A,True,Neurons,Ectoderm,True,0.666667,0.00219918,True,0.429523,0.0316671,9606,Brain,0.045
ELAVL3,True,Neurons,Ectoderm,True,0.666667,0.0179076,True,0.793563,0.260147,9606,Brain,0.235
ELANE,True,Neutrophils,Mesoderm,True,1.0,0.00629129,True,0.631399,0.00732409,9606,Immune system,0.019
SERPINB1,True,Neutrophils,Mesoderm,True,1.0,0.155709,False,0.0,0.0,9606,Immune system,0.029
GZMH,True,NK cells,Mesoderm,True,0.527027,0.0195638,False,0.0,0.0,9606,Immune system,0.005
CD3G,True,T cells,Mesoderm,True,0.687747,0.0326642,True,0.906542,0.0286904,9606,Immune system,0.048
IL2RG,True,NK cells,Mesoderm,True,0.594595,0.103271,True,0.255319,0.0236912,9606,Immune system,0.04
CLEC2D,True,T cells,Mesoderm,True,0.604743,0.0319837,True,0.0046729,0.0193221,9606,Immune system,0.029
IL7R,True,T cells,Mesoderm,True,0.545455,0.0302824,True,0.383178,0.0181511,9606,Immune system,0.031
EPN2,True,Oligodendrocyte progenitor cells,Ectoderm,True,1.0,0.0213501,True,0.801887,0.0426072,9606,Brain,0.046
OLIG1,True,Oligodendrocyte progenitor cells,Ectoderm,True,1.0,0.0021978,True,0.995283,0.0696025,9606,Brain,0.066
TNR,True,Oligodendrocyte progenitor cells,Ectoderm,True,1.0,0.0,True,0.0,0.0,9606,Brain,0.009
CNP,True,Oligodendrocyte progenitor cells,Ectoderm,True,0.857143,0.066562,True,0.34434,0.120926,9606,Brain,0.115
MOG,True,Oligodendrocytes,Ectoderm,True,0.964286,0.000316056,True,0.906166,0.00323472,9606,Brain,0.039
TF,True,Oligodendrocytes,Ectoderm,True,1.0,0.00884956,False,0.0,0.0,9606,Brain,0.004
TMEM63A,True,Oligodendrocytes,Ectoderm,True,0.642857,0.00316056,True,0.0,0.0,9606,Brain,0.016
MYRF,True,Oligodendrocytes,Ectoderm,True,0.535714,0.000948167,True,0.41689,0.00242604,9606,Brain,0.019
SEMA4D,True,Oligodendrocytes,Ectoderm,True,0.535714,0.00252845,True,0.0,0.0,9606,Brain,0.036
ERMN,True,Oligodendrocytes,Ectoderm,True,1.0,0.00158028,True,0.798928,0.00154997,9606,Brain,0.034
CLDN11,True,Oligodendrocytes,Ectoderm,True,0.964286,0.034134,True,1.0,0.0181953,9606,Brain,0.059
PLLP,True,Oligodendrocytes,Ectoderm,True,0.535714,0.00979772,True,0.797587,0.0173192,9606,Brain,0.046
PEX5L,True,Oligodendrocytes,Ectoderm,True,0.75,0.00221239,True,0.608579,0.00707595,9606,Brain,0.03
ST18,True,Oligodendrocytes,Ectoderm,True,1.0,0.00126422,True,0.0,0.0,9606,Brain,0.006
MAG,True,Oligodendrocytes,Ectoderm,True,1.0,0.00221239,True,0.989276,0.00660422,9606,Brain,0.045
PLP1,True,Oligodendrocytes,Ectoderm,True,1.0,0.0218078,True,1.0,0.103174,9606,Brain,0.123
MBP,True,Oligodendrocytes,Ectoderm,True,1.0,0.0445638,True,1.0,0.0934699,9606,Brain,0.12
TNFAIP6,True,Pancreatic stellate cells,Endoderm,True,0.608696,0.022089,True,0.0,0.0,9606,Pancreas,0.024
LRP2,True,Proximal tubule cells,Mesoderm,True,1.0,0.00532748,True,0.785714,0.00799227,9606,Kidney,0.01
HIGD1B,True,Pericytes,Mesoderm,True,1.0,0.00376766,True,0.938017,0.0109496,9606,Vasculature,0.021
CYCS,True,Plasma cells,Mesoderm,True,0.777778,0.504119,True,0.0,0.34683,9606,Immune system,0.38
IGHG2,True,Plasma cells,Mesoderm,True,0.583333,0.00316857,False,0.0,0.0,9606,Immune system,0.002
IGHA2,True,Plasma cells,Mesoderm,True,0.611111,0.00602028,False,0.0,0.0,9606,Immune system,0.003
SSR4,True,Plasma cells,Mesoderm,True,1.0,0.657161,True,0.0,0.0,9606,Immune system,0.51
LILRA4,True,Plasmacytoid dendritic cells,Mesoderm,True,1.0,0.00189274,False,0.0,0.0,9606,Immune system,0.001
PTCRA,True,Plasmacytoid dendritic cells,Mesoderm,True,0.818182,0.000630915,True,0.0,0.00327658,9606,Immune system,0.004
ITM2C,True,Plasmacytoid dendritic cells,Mesoderm,True,1.0,0.22429,True,1.0,0.381497,9606,Immune system,0.354
PPBP,True,Platelets,Mesoderm,True,1.0,0.00219573,True,1.0,0.000641766,9606,Blood,0.001
OST4,True,Platelets,Mesoderm,True,0.75,0.607591,True,0.666667,0.0689899,9606,Blood,0.172
GPX1,True,Platelets,Mesoderm,True,1.0,0.491844,True,1.0,0.4708,9606,Blood,0.477
PPDPF,True,Platelets,Mesoderm,True,0.75,0.692597,True,0.333333,0.417276,9606,Blood,0.466
MAP3K7CL,True,Platelets,Mesoderm,True,0.75,0.0065872,True,0.0,0.00526248,9606,Blood,0.006
ARHGDIB,True,Platelets,Mesoderm,True,1.0,0.35665,True,1.0,0.167822,9606,Blood,0.201
ABCA3,True,Pulmonary alveolar type II cells,Endoderm,True,0.692308,0.000943693,True,0.00757576,0.000517699,9606,Lungs,0.001
NPHS2,True,Podocytes,Mesoderm,True,1.0,0.000315457,True,0.888889,0.000192715,9606,Kidney,0.002
ENPEP,True,Proximal tubule cells,Mesoderm,True,1.0,0.00626763,True,0.0142857,0.012504,9606,Kidney,0.011
CLIC5,True,Podocytes,Mesoderm,True,1.0,0.00662461,True,0.944444,0.0159311,9606,Kidney,0.016
BCAM,True,Podocytes,Mesoderm,True,0.954545,0.0460568,True,0.111111,0.0493994,9606,Kidney,0.049
MAGI2,True,Podocytes,Mesoderm,True,0.909091,0.015142,True,0.0555556,0.00321192,9606,Kidney,0.006
EFNB1,True,Podocytes,Mesoderm,True,0.863636,0.0154574,True,0.222222,0.0348815,9606,Kidney,0.031
PLOD2,True,Podocytes,Mesoderm,True,0.545455,0.0347003,True,0.277778,0.0132331,9606,Kidney,0.019
TRIB2,True,Podocytes,Mesoderm,True,0.636364,0.00977918,True,0.0,0.0,9606,Kidney,0.03
GOLIM4,True,Podocytes,Mesoderm,True,1.0,0.0750789,True,0.944444,0.0468941,9606,Kidney,0.056
SLC34A1,True,Proximal tubule cells,Mesoderm,True,1.0,0.0,True,0.0,0.0,9606,Kidney,0.004
GLYAT,True,Proximal tubule cells,Mesoderm,True,1.0,0.00188029,True,0.757143,0.00116017,9606,Kidney,0.004
FBP1,True,Proximal tubule cells,Mesoderm,True,1.0,0.0147289,True,0.785714,0.0136642,9606,Kidney,0.016
FOLR1,True,Proximal tubule cells,Mesoderm,True,1.0,0.00908806,True,0.371429,0.018176,9606,Kidney,0.017
AK4,True,Proximal tubule cells,Mesoderm,True,1.0,0.0153557,True,0.157143,0.00438286,9606,Kidney,0.008
SLC5A8,True,Proximal tubule cells,Mesoderm,True,1.0,0.00156691,True,0.0,0.0,9606,Kidney,0.003
FAH,True,Proximal tubule cells,Mesoderm,True,1.0,0.0122219,True,0.271429,0.00605865,9606,Kidney,0.009
CRYL1,True,Proximal tubule cells,Mesoderm,True,1.0,0.0213099,True,0.328571,0.0159845,9606,Kidney,0.018
SLC13A1,True,Proximal tubule cells,Mesoderm,True,1.0,0.000313381,True,0.0,0.0,9606,Kidney,0.002
HGD,True,Proximal tubule cells,Mesoderm,True,1.0,0.00438734,True,0.228571,0.00116017,9606,Kidney,0.003
SERPINF2,True,Proximal tubule cells,Mesoderm,True,1.0,0.00877468,True,0.0,0.0,9606,Kidney,0.005
SFTA2,True,Pulmonary alveolar type II cells,Endoderm,True,0.923077,0.00220195,True,0.0,0.0,9606,Lungs,0.01
SLC34A2,True,Pulmonary alveolar type II cells,Endoderm,True,1.0,0.00346021,True,0.0,0.0,9606,Lungs,0.01
SFTPB,True,Pulmonary alveolar type II cells,Endoderm,True,1.0,0.0188739,True,0.0,0.0,9606,Lungs,0.015
LPCAT1,True,Pulmonary alveolar type II cells,Endoderm,True,0.692308,0.00786411,True,0.856061,0.0217434,9606,Lungs,0.025
LMOD1,True,Smooth muscle cells,Mesoderm,True,0.761905,0.0116682,True,0.652893,0.00387998,9606,Smooth muscle,0.01
MSRB3,True,Smooth muscle cells,Mesoderm,True,0.52381,0.0148218,True,0.132231,0.00316865,9606,Smooth muscle,0.007
CD3D,True,T cells,Mesoderm,True,0.964427,0.0571623,True,0.864486,0.0262833,9606,Immune system,0.053
TRBC2,True,T cells,Mesoderm,True,0.940711,0.0833617,True,0.0,0.0,9606,Immune system,0.066
TRAC,True,T cytotoxic cells,Mesoderm,True,1.0,0.131348,True,0.0,0.0,9606,Immune system,0.042
TRAC,True,T cells,Mesoderm,True,0.972332,0.0595441,True,0.0,0.0,9606,Immune system,0.042
LCK,True,T cells,Mesoderm,True,0.648221,0.0330044,True,0.705607,0.0309023,9606,Immune system,0.048
JUNB,True,T cells,Mesoderm,True,0.675889,0.515822,True,0.691589,0.35645,9606,Immune system,0.387
